Datetime,Water Level (m)
2025-11-29 06:00:00,-0.04880852
2025-11-29 07:00:00,-0.17890199
2025-11-29 08:00:00,-0.29759064
2025-11-29 09:00:00,-0.404118
2025-11-29 10:00:00,-0.46937487
2025-11-29 11:00:00,-0.39529696
2025-11-29 12:00:00,-0.16062407
2025-11-29 13:00:00,0.078467816
2025-11-29 14:00:00,0.2664776
2025-11-29 15:00:00,0.38078225
2025-11-29 16:00:00,0.3833119
2025-11-29 17:00:00,0.24291044
2025-11-29 18:00:00,0.053167924
2025-11-29 19:00:00,-0.099164456
2025-11-29 20:00:00,-0.21594511
2025-11-29 21:00:00,-0.31225666
2025-11-29 22:00:00,-0.3619261
2025-11-29 23:00:00,-0.25870848
2025-11-30 00:00:00,-0.037601598
2025-11-30 01:00:00,0.17720026
2025-11-30 02:00:00,0.33568975
2025-11-30 03:00:00,0.42653757
2025-11-30 04:00:00,0.4228291
2025-11-30 05:00:00,0.28892335
2025-11-30 06:00:00,0.10052809
2025-11-30 07:00:00,-0.05943624
2025-11-30 08:00:00,-0.19153585
2025-11-30 09:00:00,-0.31672162
2025-11-30 10:00:00,-0.43153125
2025-11-30 11:00:00,-0.51432323
2025-11-30 12:00:00,-0.4316105
2025-11-30 13:00:00,-0.1444145
2025-11-30 14:00:00,0.128137
2025-11-30 15:00:00,0.3350897
2025-11-30 16:00:00,0.46132848
2025-11-30 17:00:00,0.4779935
2025-11-30 18:00:00,0.3438428
2025-11-30 19:00:00,0.14215265
2025-11-30 20:00:00,-0.021160372
2025-11-30 21:00:00,-0.14893976
2025-11-30 22:00:00,-0.26428872
2025-11-30 23:00:00,-0.35989338
2025-12-01 00:00:00,-0.37712348
2025-12-01 01:00:00,-0.15165274
2025-12-01 02:00:00,0.11495191
2025-12-01 03:00:00,0.32708758
2025-12-01 04:00:00,0.45492712
2025-12-01 05:00:00,0.47048095
2025-12-01 06:00:00,0.32991156
2025-12-01 07:00:00,0.11936106
2025-12-01 08:00:00,-0.054409392
2025-12-01 09:00:00,-0.19342856
2025-12-01 10:00:00,-0.32450303
2025-12-01 11:00:00,-0.44622403
2025-12-01 12:00:00,-0.5366219
2025-12-01 13:00:00,-0.44455206
2025-12-01 14:00:00,-0.1258261
2025-12-01 15:00:00,0.18187422
2025-12-01 16:00:00,0.42262667
2025-12-01 17:00:00,0.5752253
2025-12-01 18:00:00,0.60277975
2025-12-01 19:00:00,0.44568428
2025-12-01 20:00:00,0.21729222
2025-12-01 21:00:00,0.04039791
2025-12-01 22:00:00,-0.099522084
2025-12-01 23:00:00,-0.2269511
2025-12-02 00:00:00,-0.34066874
2025-12-02 01:00:00,-0.39729816
2025-12-02 02:00:00,-0.18546055
2025-12-02 03:00:00,0.110771224
2025-12-02 04:00:00,0.3566273
2025-12-02 05:00:00,0.5073784
2025-12-02 06:00:00,0.5292238
2025-12-02 07:00:00,0.37397647
2025-12-02 08:00:00,0.14784376
2025-12-02 09:00:00,-0.03304176
2025-12-02 10:00:00,-0.17955922
2025-12-02 11:00:00,-0.31742916
2025-12-02 12:00:00,-0.4474372
2025-12-02 13:00:00,-0.5466271
2025-12-02 14:00:00,-0.43859908
2025-12-02 15:00:00,-0.08867946
2025-12-02 16:00:00,0.24733771
2025-12-02 17:00:00,0.5111699
2025-12-02 18:00:00,0.67748207
2025-12-02 19:00:00,0.69520724
2025-12-02 20:00:00,0.5072351
2025-12-02 21:00:00,0.26317725
2025-12-02 22:00:00,0.07659933
2025-12-02 23:00:00,-0.07043152
2025-12-03 00:00:00,-0.20749694
2025-12-03 01:00:00,-0.3363155
2025-12-03 02:00:00,-0.4256322
2025-12-03 03:00:00,-0.23969145
2025-12-03 04:00:00,0.09505667
2025-12-03 05:00:00,0.3698217
2025-12-03 06:00:00,0.52624506
2025-12-03 07:00:00,0.52736515
2025-12-03 08:00:00,0.3327256
2025-12-03 09:00:00,0.10240718
2025-12-03 10:00:00,-0.07472171
2025-12-03 11:00:00,-0.21975277
2025-12-03 12:00:00,-0.3580267
2025-12-03 13:00:00,-0.48723722
2025-12-03 14:00:00,-0.5826
2025-12-03 15:00:00,-0.41340947
2025-12-03 16:00:00,-0.046803705
2025-12-03 17:00:00,0.30826774
2025-12-03 18:00:00,0.58606535
2025-12-03 19:00:00,0.7557499
2025-12-03 20:00:00,0.74411625
2025-12-03 21:00:00,0.5104758
2025-12-03 22:00:00,0.25626582
2025-12-03 23:00:00,0.072410725
2025-12-04 00:00:00,-0.07799987
2025-12-04 01:00:00,-0.22078294
2025-12-04 02:00:00,-0.35595402
2025-12-04 03:00:00,-0.4508481
2025-12-04 04:00:00,-0.22775918
2025-12-04 05:00:00,0.11463293
2025-12-04 06:00:00,0.38866803
2025-12-04 07:00:00,0.5347309
2025-12-04 08:00:00,0.5133178
2025-12-04 09:00:00,0.2965904
2025-12-04 10:00:00,0.07019028
2025-12-04 11:00:00,-0.10242639
2025-12-04 12:00:00,-0.245208
2025-12-04 13:00:00,-0.38418475
2025-12-04 14:00:00,-0.5130163
2025-12-04 15:00:00,-0.59792674
2025-12-04 16:00:00,-0.35082126
2025-12-04 17:00:00,0.02268417
2025-12-04 18:00:00,0.38443145
2025-12-04 19:00:00,0.66310203
2025-12-04 20:00:00,0.81267166
2025-12-04 21:00:00,0.74867
2025-12-04 22:00:00,0.4769004
2025-12-04 23:00:00,0.23119104
2025-12-05 00:00:00,0.055768915
2025-12-05 01:00:00,-0.09458943
2025-12-05 02:00:00,-0.24088025
2025-12-05 03:00:00,-0.3795536
2025-12-05 04:00:00,-0.4684254
2025-12-05 05:00:00,-0.19932812
2025-12-05 06:00:00,0.14213157
